{"name":"3ebf24a1-9542-4e90-83ce-b116f4241928","id":"/providers/Microsoft.Flow/flows/3ebf24a1-9542-4e90-83ce-b116f4241928","type":"Microsoft.Flow/flows","properties":{"apiId":"/providers/Microsoft.PowerApps/apis/shared_logicflows","displayName":"911 Alerts","definition":{"metadata":{"workflowEntityId":null,"processAdvisorMetadata":null,"flowChargedByPaygo":null,"flowclientsuspensionreason":"None","flowclientsuspensiontime":null,"flowclientsuspensionreasondetails":null,"creator":{"id":"9b320dd7-546f-472a-9fe4-5ba30feb7ba5","type":"User","tenantId":"2ffc2ede-4d44-4994-8082-487341fa43fb"},"provisioningMethod":"FromDefinition","failureAlertSubscription":true,"clientLastModifiedTime":"2025-05-12T17:08:16.6305403Z","connectionKeySavedTimeKey":"2025-05-12T17:08:16.6305403Z","creationSource":null,"modifiedSources":"Portal"},"$schema":"https://schema.management.azure.com/providers/Microsoft.Logic/schemas/2016-06-01/workflowdefinition.json#","contentVersion":"1.0.0.0","parameters":{"$connections":{"defaultValue":{},"type":"Object"},"$authentication":{"defaultValue":{},"type":"SecureObject"}},"triggers":{"When_a_new_email_arrives_(V3)":{"splitOn":"@triggerOutputs()?['body/value']","metadata":{"operationMetadataId":"ca3f40f8-b62e-43ae-a29f-69fbc93aa90a","Id::AAMkADIzODhlMmI2LWIxZGItNDhlMS04Mjk4LWFjYzA0OWQ0OWE1OQAuAAAAAABWNWWm9DPfSIRYoMGqWaTLAQDnsLYnPCiMTZlmeeknAlsPAAABUsTRAAA=":"GTS Tickets","Id::AAMkADIzODhlMmI2LWIxZGItNDhlMS04Mjk4LWFjYzA0OWQ0OWE1OQAuAAAAAABWNWWm9DPfSIRYoMGqWaTLAQDnsLYnPCiMTZlmeeknAlsPAAMAcfMGAAA=":"911","Id::AAMkAGJjZjUwZjE1LTdlMGUtNDQ1Yi1hMDMzLWUwNTlmMGI2ZWI4OQAuAAAAAAAKF6m4a8oHS7raNjqkvLIwAQA0aVRjZN0uSoSWyZSvXDDAAAMwXUEgAAA=":"911s"},"type":"OpenApiConnectionNotification","inputs":{"host":{"apiId":"/providers/Microsoft.PowerApps/apis/shared_office365","connectionName":"shared_office365","operationId":"OnNewEmailV3"},"parameters":{"folderPath":"Id::AAMkAGJjZjUwZjE1LTdlMGUtNDQ1Yi1hMDMzLWUwNTlmMGI2ZWI4OQAuAAAAAAAKF6m4a8oHS7raNjqkvLIwAQA0aVRjZN0uSoSWyZSvXDDAAAMwXUEgAAA=","includeAttachments":false,"importance":"Any","fetchOnlyWithAttachment":false},"authentication":"@parameters('$authentication')"}}},"actions":{"Condition":{"actions":{"Post_message_911_Alerts":{"runAfter":{},"metadata":{"operationMetadataId":"b3b8875a-37a7-40c6-91ec-581ea793a422"},"type":"OpenApiConnection","inputs":{"host":{"apiId":"/providers/Microsoft.PowerApps/apis/shared_teams","connectionName":"shared_teams","operationId":"PostMessageToConversation"},"parameters":{"poster":"Flow bot","location":"Channel","body/recipient/groupId":"344ad42d-de01-4c93-b2ec-710a9bba9c75","body/recipient/channelId":"19:0h51HipJdu7MAH3yRWyw_gZVNQXNGnydnL6lEKOeW001@thread.tacv2","body/messageBody":"<p>@{triggerOutputs()?['body/importance']} &nbsp;@{triggerOutputs()?['body/subject']}<br>\n<br>\n@{triggerOutputs()?['body/body']}</p>"},"authentication":"@parameters('$authentication')"}}},"runAfter":{},"expression":{"contains":["@triggerOutputs()?['body/body']",""]},"metadata":{"operationMetadataId":"59fd3af5-bfda-48d4-8c62-e55178bd77f5"},"type":"If"}},"outputs":{},"description":"When an email arrives in Office 365 Outlook, check the email body content with the specified condition. If condition matched then post a message to Microsoft Teams with email body content."},"connectionReferences":{"shared_teams":{"connectionName":"shared-teams-ddee16e7-c5c2-4569-aca0-f850bda72d54","source":"Embedded","id":"/providers/Microsoft.PowerApps/apis/shared_teams","tier":"NotSpecified","apiName":"teams"},"shared_office365":{"connectionName":"1719b74652264ca290f58b349e2c68be","source":"Embedded","id":"/providers/Microsoft.PowerApps/apis/shared_office365","tier":"NotSpecified","apiName":"office365"}},"flowFailureAlertSubscribed":false,"isManaged":false}}