{"name":"ac1c1ad2-c504-4e36-857c-eda75678b862","id":"/providers/Microsoft.Flow/flows/ac1c1ad2-c504-4e36-857c-eda75678b862","type":"Microsoft.Flow/flows","properties":{"apiId":"/providers/Microsoft.PowerApps/apis/shared_logicflows","displayName":"GTS Communications","definition":{"metadata":{"workflowEntityId":null,"processAdvisorMetadata":null,"flowChargedByPaygo":null,"flowclientsuspensionreason":"None","flowclientsuspensiontime":null,"flowclientsuspensionreasondetails":null,"creator":{"id":"9b320dd7-546f-472a-9fe4-5ba30feb7ba5","type":"User","tenantId":"2ffc2ede-4d44-4994-8082-487341fa43fb"},"provisioningMethod":"FromDefinition","failureAlertSubscription":true,"clientLastModifiedTime":"2024-12-09T16:55:34.2145206Z","connectionKeySavedTimeKey":"2025-05-15T13:00:05.5819455Z","creationSource":null},"$schema":"https://schema.management.azure.com/providers/Microsoft.Logic/schemas/2016-06-01/workflowdefinition.json#","contentVersion":"1.0.0.0","parameters":{"$connections":{"defaultValue":{},"type":"Object"},"$authentication":{"defaultValue":{},"type":"SecureObject"}},"triggers":{"When_a_new_email_arrives_(V3)":{"splitOn":"@triggerOutputs()?['body/value']","metadata":{"Id::AAMkADIzODhlMmI2LWIxZGItNDhlMS04Mjk4LWFjYzA0OWQ0OWE1OQAuAAAAAABWNWWm9DPfSIRYoMGqWaTLAQDnsLYnPCiMTZlmeeknAlsPAAMAcfMRAAA=":"GTS Communications","operationMetadataId":"717c45a5-2014-481f-94e8-978f4182e053"},"type":"OpenApiConnectionNotification","inputs":{"host":{"apiId":"/providers/Microsoft.PowerApps/apis/shared_office365","connectionName":"shared_office365","operationId":"OnNewEmailV3"},"parameters":{"folderPath":"Id::AAMkADIzODhlMmI2LWIxZGItNDhlMS04Mjk4LWFjYzA0OWQ0OWE1OQAuAAAAAABWNWWm9DPfSIRYoMGqWaTLAQDnsLYnPCiMTZlmeeknAlsPAAMAcfMRAAA=","includeAttachments":false,"importance":"Any","fetchOnlyWithAttachment":false},"authentication":"@parameters('$authentication')"}}},"actions":{"Condition":{"actions":{"Post_message_in_a_chat_or_channel":{"runAfter":{},"metadata":{"operationMetadataId":"37434482-61c8-4d93-bb31-5e4964886655"},"type":"OpenApiConnection","inputs":{"host":{"apiId":"/providers/Microsoft.PowerApps/apis/shared_teams","connectionName":"shared_teams","operationId":"PostMessageToConversation"},"parameters":{"poster":"Flow bot","location":"Channel","body/recipient/groupId":"344ad42d-de01-4c93-b2ec-710a9bba9c75","body/recipient/channelId":"19:c7b69b2228f643158bccda3b7c8386c1@thread.tacv2","body/messageBody":"<p><span style=\"font-family: arial\"></span><span style=\"font-family: arial\">@{triggerOutputs()?['body/subject']}</span><span style=\"font-family: arial\"><br>\n<br>\n</span><span style=\"font-family: arial\">@{triggerOutputs()?['body/body']}</span><span style=\"font-family: arial\"></span></p>"},"authentication":"@parameters('$authentication')"}}},"runAfter":{},"expression":{"contains":["@triggerOutputs()?['body/body']",""]},"metadata":{"operationMetadataId":"032b121d-2fc0-4f25-b25d-c8d7e3ec5657"},"type":"If"}}},"connectionReferences":{"shared_teams":{"connectionName":"shared-teams-ddee16e7-c5c2-4569-aca0-f850bda72d54","source":"Embedded","id":"/providers/Microsoft.PowerApps/apis/shared_teams","tier":"NotSpecified","apiName":"teams"},"shared_office365":{"connectionName":"b6ab7f890daa448e8064ad678dbd74a9","source":"Embedded","id":"/providers/Microsoft.PowerApps/apis/shared_office365","tier":"NotSpecified","apiName":"office365"}},"flowFailureAlertSubscribed":false,"isManaged":false}}