{"name":"ef4076ab-eef1-46ea-8d93-df99756b2ab8","id":"/providers/Microsoft.Flow/flows/ef4076ab-eef1-46ea-8d93-df99756b2ab8","type":"Microsoft.Flow/flows","properties":{"apiId":"/providers/Microsoft.PowerApps/apis/shared_logicflows","displayName":"Leave Request","definition":{"metadata":{"workflowEntityId":null,"processAdvisorMetadata":null,"flowChargedByPaygo":null,"flowclientsuspensionreason":"None","flowclientsuspensiontime":null,"flowclientsuspensionreasondetails":null,"creator":{"id":"9b320dd7-546f-472a-9fe4-5ba30feb7ba5","type":"User","tenantId":"2ffc2ede-4d44-4994-8082-487341fa43fb"},"provisioningMethod":"FromDefinition","failureAlertSubscription":true,"clientLastModifiedTime":"2025-02-10T16:33:24.7886584Z","connectionKeySavedTimeKey":"2025-05-12T00:36:03.298045Z","creationSource":null},"$schema":"https://schema.management.azure.com/providers/Microsoft.Logic/schemas/2016-06-01/workflowdefinition.json#","contentVersion":"1.0.0.0","parameters":{"$connections":{"defaultValue":{},"type":"Object"},"$authentication":{"defaultValue":{},"type":"SecureObject"}},"triggers":{"When_an_item_is_created":{"recurrence":{"interval":5,"frequency":"Minute"},"splitOn":"@triggerOutputs()?['body/value']","metadata":{"operationMetadataId":"c9c71fb7-3f82-4369-8fbf-55be66dec255"},"type":"OpenApiConnection","inputs":{"host":{"apiId":"/providers/Microsoft.PowerApps/apis/shared_sharepointonline","connectionName":"shared_sharepointonline","operationId":"GetOnNewItems"},"parameters":{"dataset":"https://researchtriangleinstitute.sharepoint.com/sites/GTS2-CSST-DUS","table":"d27a8987-a891-46a6-9a7a-84862c06a555"},"authentication":"@parameters('$authentication')"}}},"actions":{"Terminate":{"runAfter":{"Condition":["Succeeded"]},"metadata":{"operationMetadataId":"e407756e-1390-4c93-9abc-933d6887e3a9"},"type":"Terminate","inputs":{"runStatus":"Succeeded"}},"Start_and_wait_for_an_approval":{"runAfter":{},"metadata":{"operationMetadataId":"e1aeb3b2-c4ec-4b68-93f5-086fc2da43e3"},"type":"OpenApiConnectionWebhook","inputs":{"host":{"apiId":"/providers/Microsoft.PowerApps/apis/shared_approvals","connectionName":"shared_approvals","operationId":"StartAndWaitForAnApproval"},"parameters":{"approvalType":"Basic","WebhookApprovalCreationInput/title":"Leave Requested by @{triggerOutputs()?['body/Author/DisplayName']} - @{triggerOutputs()?['body/TypeofPTO/Value']}","WebhookApprovalCreationInput/assignedTo":"tmizobuchi@rti.org; ybishop@rti.org; kdacey@rti.org","WebhookApprovalCreationInput/details":"Event Type: @{triggerOutputs()?['body/TypeofPTO/Value']}\nStart date: @{triggerOutputs()?['body/DateStarted']}\nEnd Date: @{triggerOutputs()?['body/DateEnded']}\nHalf Day Time: @{triggerOutputs()?['body/HalfDayTime']}","WebhookApprovalCreationInput/itemLink":"@triggerOutputs()?['body/{Name}']","WebhookApprovalCreationInput/enableNotifications":true,"WebhookApprovalCreationInput/enableReassignment":true},"authentication":"@parameters('$authentication')"}},"Condition":{"actions":{"Apply_to_each_2":{"foreach":"@outputs('Start_and_wait_for_an_approval')?['body/responses']","actions":{"Update_item_2":{"runAfter":{},"metadata":{"operationMetadataId":"ba498500-50e2-430f-9c9f-b851ed700305"},"type":"OpenApiConnection","inputs":{"host":{"apiId":"/providers/Microsoft.PowerApps/apis/shared_sharepointonline","connectionName":"shared_sharepointonline","operationId":"PatchItem"},"parameters":{"dataset":"https://researchtriangleinstitute.sharepoint.com/sites/GTS2-CSST-DUS","table":"d27a8987-a891-46a6-9a7a-84862c06a555","id":"@triggerOutputs()?['body/ID']","item/DateStarted":"@triggerOutputs()?['body/DateStarted']","item/DateEnded":"@triggerOutputs()?['body/DateEnded']","item/Status/Value":"Approved","item/Notes":"@items('Apply_to_each_2')?['comments']"},"authentication":"@parameters('$authentication')"}},"Condition_2":{"actions":{"Send_an_email_(V2)_3":{"runAfter":{},"metadata":{"operationMetadataId":"3ce4e99d-9460-43cf-b58f-181059fd19f2"},"type":"OpenApiConnection","inputs":{"host":{"apiId":"/providers/Microsoft.PowerApps/apis/shared_office365","connectionName":"shared_office365_4","operationId":"SendEmailV2"},"parameters":{"emailMessage/To":"@{outputs('Update_item_2')?['body/Author/Email']}; ybishop@rti.org","emailMessage/Subject":"Request for @{outputs('Update_item_2')?['body/TypeofPTO/Value']} has been approved ","emailMessage/Body":"<p>Hello @{outputs('Update_item_2')?['body/Author/DisplayName']},<br>\n<br>\nYour request for @{outputs('Update_item_2')?['body/TypeofPTO/Value']} has been approved please see below for more information.<br>\n<br>\nStart date: @{formatDateTime(parseDateTime(triggerOutputs ()?['body/DateStarted']), 'yyyy-MM-dd HH:mm:ss')}<br>\nEnd Date: @{formatDateTime (parseDateTime(triggerOutputs()?['body/DateEnded']), 'yyyy-MM-dd HH:mm:ss')}<br>\n<br>\nComments:<br>\n@{outputs('Update_item_2')?['body/Notes']}</p>","emailMessage/Importance":"Normal"},"authentication":"@parameters('$authentication')"}},"Create_event_(V4)":{"runAfter":{"Send_an_email_(V2)_3":["Succeeded"]},"metadata":{"operationMetadataId":"11bd0f45-8f65-4910-9f2b-00dcb16e254d"},"type":"OpenApiConnection","inputs":{"host":{"apiId":"/providers/Microsoft.PowerApps/apis/shared_office365","connectionName":"shared_office365_4","operationId":"V4CalendarPostItem"},"parameters":{"table":"AAMkADEyYWRlZWFhLWQ3MWItNDRmZS05YWQ5LWQ4Nzk3MWNjNzAxYQBGAAAAAACvp0vu85JySIjJWOG0ouf0BwDC9m3N9XcBRa51neLV8YS9AAAAAAEGAADC9m3N9XcBRa51neLV8YS9AAAAAHBGAAA=","item/subject":"@{outputs('Update_item_2')?['body/Author/DisplayName']} - @{outputs('Update_item_2')?['body/TypeofPTO/Value']} - OOO","item/start":"@formatDateTime(parseDateTime(triggerOutputs ()?['body/DateStarted']), 'yyyy-MM-ddTHH:mm:ss')","item/end":"@formatDateTime (parseDateTime(triggerOutputs()?['body/DateEnded']), 'yyyy-MM-ddTHH:mm:ss')","item/timeZone":"(UTC-05:00) Eastern Time (US & Canada)","item/requiredAttendees":"GTS@ResearchTriangleInstitute.onmicrosoft.com","item/body":"<p>@{outputs('Update_item_2')?['body/Author/DisplayName']} is OOO on @{outputs('Update_item_2')?['body/TypeofPTO/Value']}</p>","item/isAllDay":true,"item/isReminderOn":false,"item/showAs":"free","item/responseRequested":false},"authentication":"@parameters('$authentication')"}},"Create_event_(V4)_4":{"runAfter":{"Create_event_(V4)":["Succeeded"]},"metadata":{"operationMetadataId":"501e1f34-76b1-4c2e-810c-3fbc9e2cf0de"},"type":"OpenApiConnection","inputs":{"host":{"apiId":"/providers/Microsoft.PowerApps/apis/shared_office365","connectionName":"shared_office365_4","operationId":"V4CalendarPostItem"},"parameters":{"table":"AAMkADEyYWRlZWFhLWQ3MWItNDRmZS05YWQ5LWQ4Nzk3MWNjNzAxYQBGAAAAAACvp0vu85JySIjJWOG0ouf0BwDC9m3N9XcBRa51neLV8YS9AAAAAAEGAADC9m3N9XcBRa51neLV8YS9AAAAAHBGAAA=","item/subject":"@{outputs('Update_item_2')?['body/Author/DisplayName']} - @{outputs('Update_item_2')?['body/TypeofPTO/Value']} ","item/start":"@formatDateTime(parseDateTime(triggerOutputs ()?['body/DateStarted']), 'yyyy-MM-ddTHH:mm:ss')","item/end":"@formatDateTime (parseDateTime(triggerOutputs()?['body/DateEnded']), 'yyyy-MM-ddTHH:mm:ss')","item/timeZone":"(UTC-05:00) Eastern Time (US & Canada)","item/requiredAttendees":"@outputs('Update_item_2')?['body/Author/Email']","item/body":"<p>@{outputs('Update_item_2')?['body/Author/DisplayName']} - @{outputs('Update_item_2')?['body/TypeofPTO/Value']}&nbsp;</p>","item/isAllDay":true,"item/showAs":"oof","item/responseRequested":false},"authentication":"@parameters('$authentication')"}}},"runAfter":{"Update_item_2":["Succeeded"]},"else":{"actions":{"Create_event_(V4)_2":{"runAfter":{"Time_Convert:_End_Time_-_UTC_to_EST":["Succeeded"]},"metadata":{"operationMetadataId":"1f67964d-c078-43fd-b38a-036843bbd379"},"type":"OpenApiConnection","inputs":{"host":{"apiId":"/providers/Microsoft.PowerApps/apis/shared_office365","connectionName":"shared_office365","operationId":"V4CalendarPostItem"},"parameters":{"table":"AAMkADEyYWRlZWFhLWQ3MWItNDRmZS05YWQ5LWQ4Nzk3MWNjNzAxYQBGAAAAAACvp0vu85JySIjJWOG0ouf0BwDC9m3N9XcBRa51neLV8YS9AAAAAAEGAADC9m3N9XcBRa51neLV8YS9AAAAAHBGAAA=","item/subject":"@{outputs('Update_item_2')?['body/Author/DisplayName']} - @{outputs('Update_item_2')?['body/TypeofPTO/Value']} - @{outputs('Update_item_2')?['body/HalfDayTime']}","item/start":"@formatDateTime(convertTimeZone(triggerOutputs()?['body/DateStarted'], 'UTC', 'Eastern Standard Time'), 'yyyy-MM-ddTHH:mm:ss')","item/end":"@formatDateTime(convertTimeZone(triggerOutputs()?['body/DateEnded'], 'UTC', 'Eastern Standard Time'), 'yyyy-MM-ddTHH:mm:ss')","item/timeZone":"(UTC-05:00) Eastern Time (US & Canada)","item/requiredAttendees":"GTS@ResearchTriangleInstitute.onmicrosoft.com","item/body":"<p>@{outputs('Update_item_2')?['body/Author/DisplayName']} is OOO from @{outputs('Update_item_2')?['body/HalfDayTime']}</p>","item/isAllDay":true,"item/isReminderOn":false,"item/showAs":"free","item/responseRequested":false},"authentication":"@parameters('$authentication')"}},"Create_event_(V4)_3":{"runAfter":{"Create_event_(V4)_2":["Succeeded"]},"metadata":{"operationMetadataId":"fd5ee70d-e040-4330-bc5b-8a8b9ac65743"},"type":"OpenApiConnection","inputs":{"host":{"apiId":"/providers/Microsoft.PowerApps/apis/shared_office365","connectionName":"shared_office365","operationId":"V4CalendarPostItem"},"parameters":{"table":"AAMkADEyYWRlZWFhLWQ3MWItNDRmZS05YWQ5LWQ4Nzk3MWNjNzAxYQBGAAAAAACvp0vu85JySIjJWOG0ouf0BwDC9m3N9XcBRa51neLV8YS9AAAAAAEGAADC9m3N9XcBRa51neLV8YS9AAAAAHBGAAA=","item/subject":"@{outputs('Update_item_2')?['body/Author/DisplayName']} - @{outputs('Update_item_2')?['body/TypeofPTO/Value']} - @{outputs('Update_item_2')?['body/HalfDayTime']}","item/start":"@formatDateTime(convertTimeZone(triggerOutputs()?['body/DateStarted'], 'UTC', 'Eastern Standard Time'), 'yyyy-MM-ddTHH:mm:ss')","item/end":"@formatDateTime(convertTimeZone(triggerOutputs()?['body/DateEnded'], 'UTC', 'Eastern Standard Time'), 'yyyy-MM-ddTHH:mm:ss')","item/timeZone":"(UTC-05:00) Eastern Time (US & Canada)","item/requiredAttendees":"@outputs('Update_item_2')?['body/Author/Email']","item/body":"<p>@{outputs('Update_item_2')?['body/Author/DisplayName']} - @{outputs('Update_item_2')?['body/TypeofPTO/Value']} - @{outputs('Update_item_2')?['body/HalfDayTime']}</p>","item/isAllDay":false,"item/showAs":"oof","item/responseRequested":false},"authentication":"@parameters('$authentication')"}},"Send_an_email_(V2)":{"runAfter":{},"metadata":{"operationMetadataId":"f452cc67-28d2-4c53-8b8c-98ada173967c"},"type":"OpenApiConnection","inputs":{"host":{"apiId":"/providers/Microsoft.PowerApps/apis/shared_office365","connectionName":"shared_office365","operationId":"SendEmailV2"},"parameters":{"emailMessage/To":"@{outputs('Update_item_2')?['body/Author/Email']}; ybishop@rti.org","emailMessage/Subject":"Request for @{outputs('Update_item_2')?['body/TypeofPTO/Value']} has been approved ","emailMessage/Body":"<p>Hello @{outputs('Update_item_2')?['body/Author/DisplayName']},<br>\n<br>\nYour request for @{outputs('Update_item_2')?['body/TypeofPTO/Value']} has been approved please see below for more information.<br>\n<br>\nStart date: @{formatDateTime(parseDateTime(triggerOutputs ()?['body/DateStarted']), 'yyyy-MM-dd HH:mm:ss')}<br>\nEnd Date: @{formatDateTime (parseDateTime(triggerOutputs()?['body/DateEnded']), 'yyyy-MM-dd HH:mm:ss')}<br>\nHalf Day Time: @{triggerOutputs()?['body/HalfDayTime']}<br>\n<br>\nComments:<br>\n@{outputs('Update_item_2')?['body/Notes']}</p>","emailMessage/Importance":"Normal"},"authentication":"@parameters('$authentication')"}},"Input_Time_Check:_Start_Time":{"runAfter":{"Send_an_email_(V2)":["Succeeded"]},"metadata":{"operationMetadataId":"42f077f0-e175-405a-a1e4-45c0c26dea00"},"type":"Compose","inputs":"@triggerOutputs()?['body/DateStarted']"},"Input_Time_Check:_End_Time":{"runAfter":{"Input_Time_Check:_Start_Time":["Succeeded"]},"metadata":{"operationMetadataId":"0efe1362-9062-4eec-aba6-f8097169703e"},"type":"Compose","inputs":"@triggerOutputs()?['body/DateEnded']"},"Time_Convert:_Start_Time_-_UTC_to_EST":{"runAfter":{"Input_Time_Check:_End_Time":["Succeeded"]},"metadata":{"operationMetadataId":"a9473972-5dcc-4724-b24c-c290caf8cb4a"},"type":"Compose","inputs":"@formatDateTime(convertTimeZone(triggerOutputs()?['body/DateStarted'], 'UTC', 'Eastern Standard Time'), 'yyyy-MM-ddTHH:mm:ss')"},"Time_Convert:_End_Time_-_UTC_to_EST":{"runAfter":{"Time_Convert:_Start_Time_-_UTC_to_EST":["Succeeded"]},"metadata":{"operationMetadataId":"446ef7a7-786c-47fd-8c95-0f9c0e69a5ff"},"type":"Compose","inputs":"@formatDateTime(convertTimeZone(triggerOutputs()?['body/DateEnded'], 'UTC', 'Eastern Standard Time'), 'yyyy-MM-ddTHH:mm:ss')"}}},"expression":{"equals":["@outputs('Update_item_2')?['body/TypeofPTO/Value']","PTO"]},"metadata":{"operationMetadataId":"bade9642-c49f-42fd-b138-2e62e3199a5d"},"type":"If"}},"runAfter":{},"metadata":{"operationMetadataId":"98b69c49-afa1-40d0-b655-4e5993f718b7"},"type":"Foreach"}},"runAfter":{"Start_and_wait_for_an_approval":["Succeeded"]},"else":{"actions":{"Apply_to_each":{"foreach":"@outputs('Start_and_wait_for_an_approval')?['body/responses']","actions":{"Update_item":{"runAfter":{},"metadata":{"operationMetadataId":"0a89283e-40a8-4ff7-a81a-9a500ea00c9e"},"type":"OpenApiConnection","inputs":{"host":{"apiId":"/providers/Microsoft.PowerApps/apis/shared_sharepointonline","connectionName":"shared_sharepointonline","operationId":"PatchItem"},"parameters":{"dataset":"https://researchtriangleinstitute.sharepoint.com/sites/GTS2-CSST-DUS","table":"d27a8987-a891-46a6-9a7a-84862c06a555","id":"@triggerOutputs()?['body/ID']","item/DateStarted":"@triggerOutputs()?['body/DateStarted']","item/DateEnded":"@triggerOutputs()?['body/DateEnded']","item/Status/Value":"Rejected","item/Notes":"@items('Apply_to_each')?['comments']"},"authentication":"@parameters('$authentication')"}},"Send_an_email_(V2)_2":{"runAfter":{"Update_item":["Succeeded"]},"metadata":{"operationMetadataId":"d316c931-08b0-465b-8475-76c276c68a23"},"type":"OpenApiConnection","inputs":{"host":{"apiId":"/providers/Microsoft.PowerApps/apis/shared_office365","connectionName":"shared_office365_4","operationId":"SendEmailV2"},"parameters":{"emailMessage/To":"@{outputs('Update_item')?['body/Author/Email']}; ybishop@rti.org","emailMessage/Subject":"Request for @{outputs('Update_item')?['body/TypeofPTO/Value']} has been rejected ","emailMessage/Body":"<p>Hello @{outputs('Update_item')?['body/Author/DisplayName']},<br>\n<br>\nYour request for @{outputs('Update_item')?['body/TypeofPTO/Value']} has been rejected please see blow for more information.<br>\n<br>\nComments:<br>\n@{outputs('Update_item')?['body/Notes']}</p>","emailMessage/From":"ybishop@rti.org","emailMessage/Importance":"Normal"},"authentication":"@parameters('$authentication')"}}},"runAfter":{},"metadata":{"operationMetadataId":"2d289753-d923-4374-99b4-954c13f0bdbe"},"type":"Foreach"}}},"expression":{"equals":["@outputs('Start_and_wait_for_an_approval')?['body/outcome']","Approve"]},"metadata":{"operationMetadataId":"83a7e916-ab7b-4ee7-b960-b235022812be"},"type":"If"}}},"connectionReferences":{"shared_approvals":{"connectionName":"shared-approvals-f22200bf-759c-4079-b991-20d45ce9ef6a","source":"Embedded","id":"/providers/Microsoft.PowerApps/apis/shared_approvals","tier":"NotSpecified","apiName":"approvals"},"shared_sharepointonline":{"connectionName":"b4d88b3147fe4ec28cd9a56708fb16a8","source":"Embedded","id":"/providers/Microsoft.PowerApps/apis/shared_sharepointonline","tier":"NotSpecified","apiName":"sharepointonline"},"shared_office365_4":{"connectionName":"shared-office365-a7e50da0-1053-40fd-acb7-4cb711a3fc57","source":"Embedded","id":"/providers/Microsoft.PowerApps/apis/shared_office365","tier":"NotSpecified","apiName":"office365"},"shared_office365":{"connectionName":"shared-office365-17bfd777-db11-4298-b1db-cbf9ccf7a425","source":"Embedded","id":"/providers/Microsoft.PowerApps/apis/shared_office365","tier":"NotSpecified","apiName":"office365"}},"flowFailureAlertSubscribed":false,"isManaged":false}}